"shop_id_fk","ssl_id_fk","cert_expire_date","cert_id"
"0","0","2023-10-11 03:53:36","0"
"1","1","2024-06-16 23:59:59","1"
"2","2","2023-10-24 21:53:20","2"
"3","0","2023-10-09 15:13:00","3"
"4","3","2023-10-25 08:20:27","4"
"5","0","2023-09-13 07:55:33","5"
"6","2","2023-10-16 21:18:12","6"
"7","2","2023-10-11 08:36:31","7"
"8","2","2023-09-27 01:10:26","8"
"9","2","2023-09-02 18:59:11","9"
"10","4","2023-11-13 23:59:59","10"
"11","2","2023-09-09 00:20:36","11"
"12","2","2023-10-19 22:51:16","12"
"13","0","2023-09-28 13:22:20","13"
"14","0","2023-09-22 13:37:30","14"
"15","1","2024-02-25 23:59:59","15"
"16","2","2023-09-08 23:30:17","16"
"17","0","2023-11-08 10:16:21","17"
"18","4","2024-03-24 23:59:59","18"
"19","0","2023-09-28 13:47:57","19"
"20","3","2023-10-15 11:31:08","20"
"21","3","2023-10-01 08:32:46","21"
"22","0","2023-09-27 05:27:46","22"
"23","2","2023-10-26 01:00:49","23"
"24","0","2023-10-10 05:04:47","24"
"25","2","2023-10-20 15:16:50","25"
"26","0","2023-09-27 18:55:17","26"
"27","2","2023-10-08 16:34:23","27"
"28","3","2023-09-18 01:35:49","28"
"29","2","2023-09-26 04:03:12","29"
"30","1","2024-05-11 23:59:59","30"
"31","0","2023-10-18 07:39:55","31"
"32","2","2023-09-02 06:29:12","32"
"33","2","2023-10-20 16:51:19","33"
"34","2","2023-09-11 03:55:09","34"
"35","3","2023-10-19 05:53:01","35"
"36","3","2023-11-02 00:36:47","36"
"37","0","2023-09-25 06:57:53","37"
"38","5","2024-01-08 23:59:59","38"
"39","2","2023-10-04 19:43:55","39"
"40","2","2023-10-19 09:36:35","40"
"41","3","2023-09-07 04:59:02","41"
"42","5","2024-07-09 23:59:59","42"
"43","2","2023-10-11 11:28:32","43"
"44","2","2023-09-05 02:10:38","44"
"45","1","2024-04-24 23:59:59","45"
"46","6","2024-05-29 23:59:59","46"
"47","2","2023-09-05 13:40:16","47"
"48","2","2023-09-24 23:49:45","48"
"49","4","2024-07-04 23:59:59","49"
"50","0","2023-10-09 18:18:49","50"
"51","3","2023-09-25 16:44:19","51"
"52","4","2024-07-22 23:59:59","52"
"53","2","2023-09-26 02:11:51","53"
"54","0","2023-11-02 10:47:24","54"
"55","1","2024-07-31 23:59:59","55"
"56","2","2023-10-21 18:27:10","56"
"57","3","2023-09-04 06:41:46","57"
"58","2","2023-11-23 18:44:13","58"
"59","0","2023-10-08 06:19:11","59"
"60","2","2023-09-18 20:00:40","60"
"61","0","2023-09-18 00:46:02","61"
"62","2","2023-09-19 19:50:15","62"
"63","2","2023-10-20 14:26:29","63"
"64","0","2023-10-19 08:34:25","64"
"65","0","2023-09-27 14:01:17","65"
"66","4","2024-04-30 23:59:59","66"
"67","0","2023-10-08 05:04:43","67"
"68","7","2024-06-24 23:59:59","68"
"69","0","2023-09-24 06:55:04","69"
"70","8","2024-05-19 18:58:44","70"
"71","2","2023-09-16 22:42:59","71"
"72","0","2023-10-25 08:01:51","72"
"73","2","2023-10-25 07:28:16","73"
"74","2","2023-09-28 08:44:35","74"
"75","3","2023-10-02 18:29:42","75"
"76","2","2023-10-05 08:20:10","76"
"77","9","2024-08-13 23:59:59","77"
"78","3","2023-10-05 12:32:30","78"
"79","0","2023-09-03 09:21:59","79"
"80","3","2023-10-20 09:41:47","80"
"81","2","2023-09-30 08:04:55","81"
"82","10","2023-11-04 23:59:59","82"
"83","2","2023-10-17 20:10:40","83"
"84","2","2023-10-08 01:07:24","84"
"85","1","2024-04-21 23:59:59","85"
"86","6","2024-03-13 23:59:59","86"
"87","11","2023-08-31 23:59:59","87"
"88","0","2023-10-19 07:37:50","88"
"89","2","2023-09-17 07:12:58","89"
"90","1","2024-04-09 23:59:59","90"
"91","3","2023-09-28 06:06:39","91"
"92","0","2023-09-28 05:53:10","92"
"93","2","2023-08-29 20:21:42","93"
"94","3","2023-09-19 02:26:48","94"
"95","0","2023-10-08 06:06:19","95"
"96","0","2023-10-02 12:27:57","96"
"97","3","2023-10-17 06:58:05","97"
"98","2","2023-10-25 15:25:28","98"
"99","2","2023-10-16 21:00:55","99"
"100","0","2023-09-27 11:40:50","100"
"101","4","2024-06-13 23:59:59","101"
"102","3","2023-10-23 04:22:20","102"
"103","1","2024-05-13 23:59:59","103"
"104","0","2023-10-27 09:04:54","104"
"105","12","2023-09-19 23:59:59","105"
"106","0","2023-09-22 07:27:09","106"
"107","1","2023-10-18 23:59:59","107"
"108","13","2024-04-02 07:42:59","108"
"109","10","2024-06-27 23:59:59","109"
"110","2","2023-09-06 04:28:59","110"
"111","2","2023-10-28 15:13:14","111"
"112","0","2023-10-03 08:30:08","112"
"113","2","2023-10-23 11:20:42","113"
"114","3","2023-09-03 09:26:55","114"
"115","3","2023-09-09 10:28:43","115"
"116","2","2023-10-31 00:58:16","116"
"117","3","2023-09-11 04:56:23","117"
"118","2","2023-10-03 23:49:57","118"
"119","14","2023-09-29 23:59:59","119"
"120","2","2023-09-18 22:53:55","120"
"121","2","2023-10-04 09:24:44","121"
"122","0","2023-11-11 07:56:50","122"
"123","15","2024-02-24 23:59:59","123"
"124","0","2023-10-14 15:58:54","124"
"125","16","2024-08-03 15:53:36","125"
"126","2","2023-09-25 23:52:59","126"
"127","2","2023-09-21 08:02:17","127"
"128","0","2023-10-01 08:22:50","128"
"129","3","2023-10-07 07:57:20","129"
"130","1","2024-05-15 23:59:59","130"
"131","2","2023-10-26 13:41:28","131"
"132","3","2023-10-21 07:39:00","132"
"133","2","2023-10-18 20:06:11","133"
"134","6","2024-03-14 23:59:59","134"
"135","3","2023-09-21 05:38:02","135"
"136","0","2023-10-31 07:30:05","136"
"137","0","2023-10-22 17:04:04","137"
"138","2","2023-09-29 10:34:48","138"
"139","0","2023-09-25 06:54:00","139"
"140","0","2023-09-14 02:07:12","140"
"141","2","2023-09-24 06:55:49","141"
"142","13","2024-04-05 10:04:35","142"
"143","0","2023-10-10 12:45:11","143"
"144","3","2023-11-11 14:03:31","144"
"145","2","2023-09-25 19:19:10","145"
"146","0","2023-09-23 11:40:54","146"
"147","0","2023-10-18 08:28:40","147"
"148","0","2023-10-08 06:09:05","148"
"149","2","2023-09-17 06:52:21","149"
"150","2","2023-10-02 12:32:44","150"
"151","17","2024-07-30 23:59:59","151"
"152","2","2023-10-04 23:05:29","152"
"153","0","2023-09-06 10:36:38","153"
"154","1","2024-04-09 23:59:59","154"
"155","2","2023-09-05 15:18:14","155"
"156","0","2023-10-18 11:53:02","156"
"157","1","2024-04-05 23:59:59","157"
"158","2","2023-09-05 00:25:34","158"
"159","0","2023-09-14 09:31:19","159"
"160","7","2024-07-26 23:59:59","160"
"161","2","2023-09-07 11:52:04","161"
"162","3","2023-09-25 06:51:12","162"
"163","3","2023-11-11 04:59:05","163"
"164","2","2023-10-24 20:11:21","164"
"165","2","2023-09-15 20:12:02","165"
"166","0","2023-10-13 05:23:39","166"
"167","7","2024-04-26 23:59:59","167"
"168","18","2024-03-08 23:59:59","168"
"169","3","2023-09-17 06:18:39","169"
"170","1","2024-02-04 23:59:59","170"
"171","2","2023-11-01 09:16:28","171"
"172","2","2023-09-29 08:27:39","172"
"173","2","2023-09-20 00:33:42","173"
"174","0","2023-10-23 14:47:24","174"
"175","2","2023-08-06 22:18:06","175"
"176","0","2023-09-23 05:07:25","176"
"177","0","2023-10-21 13:52:22","177"
"178","4","2023-11-08 23:59:59","178"
"179","0","2023-09-04 06:48:08","179"
"180","2","2023-10-06 11:28:40","180"
"181","0","2023-09-12 00:57:45","181"
"182","4","2024-03-14 23:59:59","182"
"183","2","2023-09-26 04:03:12","183"
"184","2","2023-10-29 21:34:20","184"
"185","4","2024-06-15 23:59:59","185"
"186","1","2024-07-24 23:59:59","186"
"187","2","2023-09-07 00:16:44","187"
"188","0","2023-10-29 12:51:37","188"
"189","2","2023-09-10 23:59:07","189"
"190","19","2024-06-20 23:59:59","190"
"191","1","2023-12-05 23:59:59","191"
"192","0","2023-09-25 05:58:46","192"
"193","0","2023-10-18 04:27:13","193"
"194","3","2023-09-11 06:33:30","194"
"195","0","2023-09-06 11:52:35","195"
"196","0","2023-10-04 16:55:14","196"
"197","2","2023-09-29 08:36:16","197"
"198","0","2023-10-12 03:53:48","198"
"199","0","2023-11-24 07:46:57","199"
"200","1","2024-04-16 23:59:59","200"
"201","0","2023-10-08 06:04:51","201"
"202","0","2023-11-01 06:22:59","202"
"203","0","2023-09-15 13:16:37","203"
"204","0","2023-09-20 23:15:45","204"
"205","20","2024-06-22 09:54:59","205"
"206","2","2023-09-05 04:24:48","206"
"207","0","2023-10-05 04:43:12","207"
"208","3","2023-10-19 12:03:18","208"
"209","0","2023-10-17 08:15:12","209"
"210","2","2023-11-25 03:08:02","210"
"211","5","2023-10-18 23:59:59","211"
"212","0","2023-10-05 05:11:05","212"
"213","1","2024-02-18 23:59:59","213"
"214","0","2023-09-06 11:35:35","214"
"215","0","2023-10-04 04:40:30","215"
"216","4","2024-07-17 23:59:59","216"
"217","12","2023-11-27 23:59:59","217"
"218","1","2024-05-24 23:59:59","218"
"219","21","2024-08-09 23:59:59","219"
"220","3","2023-10-06 06:47:32","220"
"221","1","2024-03-18 23:59:59","221"
"222","0","2023-10-17 08:05:25","222"
"223","19","2024-01-14 23:59:59","223"
"224","0","2023-10-30 07:49:05","224"
"225","2","2023-09-22 08:43:57","225"
"226","12","2023-10-05 23:59:59","226"
"227","0","2023-10-02 07:45:40","227"
"228","0","2023-09-22 17:48:19","228"
"229","0","2023-09-21 08:29:58","229"
"230","5","2023-10-27 23:59:59","230"
"231","0","2023-10-01 04:24:40","231"
"232","0","2023-09-12 14:31:05","232"
"233","19","2024-07-31 23:59:59","233"
"234","2","2023-10-08 06:05:44","234"
"235","0","2023-09-22 06:04:03","235"
"236","2","2023-10-25 12:35:30","236"
"237","0","2023-10-05 04:45:05","237"
"238","2","2023-08-25 08:26:47","238"
"239","2","2023-09-15 03:03:52","239"
"240","2","2023-09-04 06:05:53","240"
"241","0","2023-10-20 12:21:10","241"
"242","4","2024-04-18 23:59:59","242"
"243","2","2023-10-24 20:12:30","243"
"244","2","2023-09-16 00:17:32","244"
"245","0","2023-10-11 04:32:17","245"
"246","3","2023-09-28 11:36:12","246"
"247","12","2023-10-29 23:59:59","247"
"248","0","2023-09-14 09:14:07","248"
"249","4","2024-03-14 23:59:59","249"
"250","0","2023-10-03 05:27:21","250"
"251","19","2024-02-29 23:59:59","251"
"252","2","2023-10-08 11:29:19","252"
"253","3","2023-10-22 06:19:49","253"
"254","1","2024-05-30 23:59:59","254"
"255","0","2023-10-09 12:33:26","255"
"256","2","2023-10-06 01:08:33","256"
"257","0","2023-10-20 11:54:40","257"
"258","2","2023-09-28 21:14:38","258"
"259","2","2023-10-24 07:06:32","259"
"260","2","2023-09-22 05:35:32","260"
"261","2","2023-10-20 21:41:24","261"
"262","0","2023-10-24 12:07:32","262"
"263","2","2023-10-25 22:46:20","263"
"264","2","2023-10-17 03:21:43","264"
"265","0","2023-10-20 10:44:08","265"
"266","3","2023-09-13 08:03:55","266"
"267","0","2023-11-11 03:02:41","267"
"268","0","2023-09-16 14:09:42","268"
"269","3","2023-10-11 07:25:55","269"
"270","1","2024-05-28 23:59:59","270"
"271","0","2023-10-27 08:13:42","271"
"272","3","2023-10-19 14:35:25","272"
"273","0","2023-10-16 09:39:02","273"
"274","2","2023-09-27 12:13:07","274"
"275","2","2023-10-24 13:49:47","275"
"276","0","2023-09-19 05:27:44","276"
"277","3","2023-09-30 06:49:25","277"
"278","0","2023-10-08 05:34:06","278"
"279","1","2024-03-20 23:59:59","279"
"280","2","2023-09-23 21:12:37","280"
"281","0","2023-10-09 07:30:55","281"
"282","22","2023-10-11 23:59:59","282"
"283","3","2023-11-03 04:14:37","283"
"284","2","2023-10-09 06:21:47","284"
"285","22","2023-10-11 23:59:59","285"
"286","0","2023-10-15 04:41:42","286"
"287","12","2023-09-16 23:59:59","287"
"288","0","2023-09-26 06:44:32","288"
"289","2","2023-10-24 20:24:16","289"
"290","2","2023-10-16 18:23:28","290"
"291","4","2023-08-29 23:59:59","291"
"292","5","2024-01-03 23:59:59","292"
"293","2","2023-09-20 03:31:08","293"
"294","2","2023-09-28 17:27:33","294"
"295","2","2023-09-16 13:34:11","295"
"296","2","2023-09-26 06:48:12","296"
"297","0","2023-10-28 17:56:07","297"
"298","2","2023-09-13 01:15:52","298"
"299","0","2023-11-10 08:02:47","299"
"300","3","2023-11-06 02:08:32","300"
"301","2","2023-09-11 08:14:11","301"
"302","3","2023-11-23 07:10:22","302"
"303","0","2023-11-06 02:48:07","303"
"304","0","2023-09-18 01:17:07","304"
"305","23","2023-12-09 23:59:59","305"
"306","0","2023-10-02 20:26:12","306"
"307","3","2023-10-06 06:26:07","307"
"308","2","2023-10-19 07:52:43","308"
"309","0","2023-09-18 09:11:41","309"
"310","3","2023-11-11 12:30:47","310"
"311","0","2023-09-10 09:22:07","311"
"312","13","2024-07-10 00:21:23","312"
"313","2","2023-09-09 11:23:41","313"
"314","2","2023-09-30 21:50:10","314"
"315","24","2024-03-15 13:37:18","315"
"316","0","2023-10-13 06:14:54","316"
"317","3","2023-09-06 00:53:43","317"
"318","2","2023-09-09 02:20:46","318"
"319","0","2023-10-11 05:16:22","319"
"320","2","2023-11-26 08:05:19","320"
"321","0","2023-10-13 07:51:27","321"
"322","2","2023-10-09 01:04:35","322"
"323","4","2023-11-02 23:59:59","323"
"324","1","2024-06-04 23:59:59","324"
"325","2","2023-11-01 01:46:28","325"
"326","2","2023-09-10 02:01:42","326"
"327","1","2023-11-23 23:59:59","327"
"328","0","2023-10-25 02:37:08","328"
"329","0","2023-10-04 11:23:55","329"
"330","2","2023-09-15 02:02:28","330"
"331","2","2023-08-31 23:05:03","331"
"332","0","2023-10-20 11:17:21","332"
"333","0","2023-10-12 08:14:56","333"
"334","0","2023-10-02 06:34:42","334"
"335","4","2024-01-05 23:59:59","335"
"336","24","2023-11-30 23:16:12","336"
"337","0","2023-10-12 14:29:18","337"
"338","1","2024-04-17 23:59:59","338"
"339","2","2023-10-04 23:34:18","339"
"340","0","2023-09-23 14:30:15","340"
"341","2","2023-10-16 22:53:53","341"
"342","2","2023-10-26 23:49:56","342"
"343","2","2023-10-25 19:08:30","343"
"344","21","2023-10-23 23:59:59","344"
"345","2","2023-09-14 02:52:59","345"
"346","2","2023-09-07 15:07:03","346"
"347","0","2023-10-13 11:46:22","347"
"348","8","2024-07-30 10:57:58","348"
"349","2","2023-09-12 04:36:09","349"
"350","2","2023-10-08 16:16:14","350"
"351","2","2023-09-22 16:58:32","351"
"352","2","2023-10-27 03:06:48","352"
"353","12","2023-10-07 23:59:59","353"
"354","0","2023-10-12 11:57:49","354"
"355","0","2023-09-18 09:20:43","355"
"356","2","2023-09-04 05:32:02","356"
"357","2","2023-09-07 03:10:30","357"
"358","1","2024-05-01 23:59:59","358"
"359","2","2023-09-16 05:31:11","359"
"360","0","2023-10-06 06:04:28","360"
"361","0","2023-09-16 10:38:32","361"
"362","4","2024-06-10 23:59:59","362"
"363","2","2023-09-17 05:32:26","363"
"364","2","2023-10-16 17:36:32","364"
"365","1","2024-01-26 23:59:59","365"
"366","2","2023-10-02 20:10:28","366"
"367","0","2023-09-04 11:41:48","367"
"368","2","2023-09-01 00:19:31","368"
"369","2","2023-10-14 01:05:42","369"
"370","2","2023-10-07 16:20:05","370"
"371","0","2023-10-15 07:23:40","371"
"372","2","2023-09-14 10:20:23","372"
"373","2","2023-10-02 12:26:43","373"
"374","0","2023-09-27 09:28:47","374"
"375","19","2024-04-03 23:59:59","375"
"376","17","2023-11-23 23:59:59","376"
"377","2","2023-09-27 18:10:02","377"
"378","0","2023-10-24 00:57:12","378"
"379","1","2024-04-04 23:59:59","379"
"380","0","2023-10-10 10:56:55","380"
"381","2","2023-10-21 10:53:54","381"
"382","2","2023-09-19 09:51:35","382"
"383","2","2023-10-21 21:32:57","383"
"384","3","2023-10-06 04:24:28","384"
"385","0","2023-10-25 08:44:38","385"
"386","2","2023-10-30 00:06:20","386"
"387","3","2023-10-11 08:05:59","387"
"388","0","2023-10-13 07:21:40","388"
"389","3","2023-09-06 03:30:45","389"
"390","0","2023-10-27 05:41:46","390"
"391","10","2023-11-29 23:59:59","391"
"392","12","2023-08-20 23:59:59","392"
"393","0","2023-10-04 07:57:40","393"
"394","2","2023-11-26 09:11:03","394"
"395","0","2023-10-01 10:23:20","395"
"396","2","2023-10-09 10:01:22","396"
"397","0","2023-10-05 07:35:50","397"
"398","19","2024-03-30 23:59:59","398"
"399","1","2024-03-19 23:59:59","399"
"400","2","2023-09-15 21:16:36","400"
"401","0","2023-09-09 06:32:16","401"
"402","2","2023-10-23 14:35:47","402"
"403","3","2023-10-04 11:21:47","403"
"404","2","2023-10-12 15:12:24","404"
"405","0","2023-09-04 01:28:55","405"
"406","3","2023-09-11 06:05:54","406"
"407","2","2023-09-20 11:23:47","407"
"408","0","2023-09-04 04:18:41","408"
"409","0","2023-09-23 20:19:00","409"
"410","0","2023-10-19 13:03:51","410"
"411","2","2023-10-23 00:21:38","411"
"412","1","2024-07-18 23:59:59","412"
"413","3","2023-10-08 06:14:13","413"
"414","0","2023-10-02 07:47:03","414"
"415","2","2023-10-09 16:06:14","415"
"416","3","2023-09-25 09:29:45","416"
"417","2","2023-09-15 07:43:09","417"
"418","2","2023-10-23 17:34:47","418"
"419","2","2023-10-27 05:41:04","419"
"420","1","2024-02-05 23:59:59","420"
"421","0","2023-10-19 13:33:14","421"
"422","3","2023-11-26 15:57:29","422"
"423","3","2023-11-08 09:44:57","423"
"424","2","2023-09-18 23:32:41","424"
"425","2","2023-09-07 07:51:22","425"
"426","1","2024-04-08 23:59:59","426"
"427","3","2023-10-17 08:48:18","427"
"428","0","2023-10-22 20:38:53","428"
"429","2","2023-09-29 00:22:15","429"
"430","2","2023-09-01 03:15:11","430"
"431","2","2023-08-31 14:29:35","431"
"432","1","2024-02-21 23:59:59","432"
"433","2","2023-10-02 11:21:35","433"
"434","25","2023-11-22 23:59:59","434"
"435","0","2023-10-13 09:58:49","435"
"436","1","2024-04-27 23:59:59","436"
"437","2","2023-09-09 20:13:00","437"
"438","1","2024-03-05 23:59:59","438"
"439","0","2023-10-28 21:31:43","439"
"440","1","2024-04-07 23:59:59","440"
"441","0","2023-09-25 14:56:03","441"
"442","4","2023-12-03 23:59:59","442"
"443","2","2023-10-17 00:21:15","443"
"444","17","2024-02-07 23:59:59","444"
"445","2","2023-09-17 09:27:02","445"
"446","26","2023-08-22 23:59:59","446"
"447","0","2023-11-10 09:28:10","447"
"448","0","2023-09-07 12:51:45","448"
"449","2","2023-10-27 02:53:04","449"
"450","4","2024-01-24 23:59:59","450"
"451","0","2023-09-05 07:31:03","451"
"452","13","2023-12-01 14:39:24","452"
"453","2","2023-11-22 11:02:04","453"
"454","0","2023-10-20 11:48:46","454"
"455","2","2023-09-07 05:02:01","455"
"456","2","2023-11-25 23:59:12","456"
"457","3","2023-10-09 10:39:59","457"
"458","2","2023-10-10 04:22:31","458"
"459","0","2023-11-15 07:58:53","459"
"460","3","2023-10-23 12:22:38","460"
"461","1","2024-06-27 23:59:59","461"
"462","2","2023-09-04 12:46:53","462"
"463","0","2023-09-25 05:32:58","463"
"464","0","2023-10-05 17:51:05","464"
"465","0","2023-10-20 11:13:04","465"
"466","2","2023-10-16 14:28:29","466"
"467","2","2023-10-02 23:53:32","467"
"468","20","2024-04-10 19:30:12","468"
"469","2","2023-10-17 11:28:27","469"
"470","2","2023-09-12 23:58:27","470"
"471","19","2024-08-21 23:59:59","471"
"472","0","2023-11-10 06:33:57","472"
"473","0","2023-10-19 05:29:16","473"
"474","2","2023-10-24 20:17:04","474"
"475","2","2023-10-11 11:19:25","475"
"476","27","2024-07-02 23:59:59","476"
"477","3","2023-10-19 02:25:27","477"
"478","4","2023-11-19 23:59:59","478"
"479","2","2023-09-02 09:39:34","479"
"480","0","2023-10-22 07:27:25","480"
"481","0","2023-10-07 10:24:01","481"
"482","2","2023-10-15 20:08:34","482"
"483","0","2023-10-20 15:24:20","483"
"484","3","2023-10-11 07:29:38","484"
"485","0","2023-10-11 07:51:48","485"
"486","19","2023-11-29 23:59:59","486"
"487","3","2023-09-01 05:46:51","487"
"488","2","2023-10-27 03:27:04","488"
"489","0","2023-09-06 02:20:37","489"
"490","3","2023-09-27 08:42:23","490"
"491","2","2023-10-15 12:48:58","491"
"492","2","2023-10-21 14:06:42","492"
"493","0","2023-10-20 02:01:22","493"
"494","2","2023-10-28 19:51:04","494"
"495","3","2023-09-17 05:43:34","495"
"496","2","2023-09-25 07:13:20","496"
"497","0","2023-10-19 01:22:30","497"
"498","2","2023-09-30 19:59:21","498"
"499","1","2024-07-28 23:59:59","499"
"500","2","2023-10-21 17:28:53","500"
"501","2","2023-10-11 02:33:24","501"
"502","2","2023-10-23 19:08:28","502"
"503","0","2023-10-05 03:09:01","503"
"504","2","2023-08-31 04:28:21","504"
"505","0","2023-10-31 08:03:10","505"
"506","0","2023-11-14 00:54:18","506"
"507","3","2023-10-11 05:57:34","507"
"508","2","2023-10-05 00:24:14","508"
"509","21","2023-10-08 23:59:59","509"
"510","1","2024-01-26 23:59:59","510"
"511","3","2023-10-15 19:35:46","511"
"512","2","2023-10-25 07:32:03","512"
"513","3","2023-10-18 05:42:30","513"
"514","0","2023-10-14 10:50:00","514"
"515","2","2023-09-03 09:18:54","515"
"516","0","2023-09-14 06:53:37","516"
"517","0","2023-10-13 03:34:51","517"
"518","2","2023-10-07 00:01:50","518"
"519","28","2024-03-19 08:05:42","519"
"520","1","2024-04-01 23:59:59","520"
"521","2","2023-10-13 05:40:03","521"
"522","2","2023-10-06 02:30:12","522"
"523","2","2023-10-10 22:33:11","523"
"524","1","2024-02-24 23:59:59","524"
"525","29","2023-08-31 23:59:59","525"
"526","2","2023-10-19 02:03:28","526"
"527","0","2023-10-12 13:12:33","527"
"528","1","2024-07-10 23:59:59","528"
"529","2","2023-10-13 04:53:24","529"
"530","2","2023-10-10 02:54:06","530"
"531","0","2023-10-15 09:11:22","531"
"532","0","2023-10-11 09:37:58","532"
"533","2","2023-09-16 06:10:30","533"
"534","0","2023-09-05 03:42:41","534"
"535","0","2023-09-03 07:54:06","535"
"536","0","2023-10-18 11:43:13","536"
"537","3","2023-10-22 08:07:04","537"
"538","0","2023-10-19 09:57:49","538"
"539","4","2023-11-28 23:59:59","539"
"540","0","2023-10-11 08:59:33","540"
"541","2","2023-10-24 03:37:11","541"
"542","15","2023-12-31 23:59:59","542"
"543","1","2024-04-08 23:59:59","543"
"544","2","2023-10-24 09:29:47","544"
"545","3","2023-09-07 02:43:12","545"
"546","0","2023-10-23 00:54:40","546"
"547","2","2023-09-08 00:29:09","547"
"548","3","2023-10-16 01:36:00","548"
"549","2","2023-09-16 23:32:34","549"
"550","2","2023-10-11 04:01:20","550"
"551","0","2023-09-15 02:51:57","551"
"552","13","2023-09-13 10:24:51","552"
"553","0","2023-10-02 10:37:36","553"
"554","12","2023-10-08 23:59:59","554"
"555","0","2023-09-26 22:29:07","555"
"556","1","2024-06-06 23:59:59","556"
"557","4","2024-02-03 23:59:59","557"
"558","4","2024-07-28 23:59:59","558"
"559","21","2024-08-27 23:59:59","559"
"560","2","2023-09-06 00:52:19","560"
"561","2","2023-10-28 09:32:59","561"
"562","0","2023-10-25 07:34:54","562"
"563","0","2023-11-14 17:57:20","563"
"564","0","2023-10-17 02:47:26","564"
"565","0","2023-09-17 05:49:29","565"
"566","2","2023-09-29 20:10:53","566"
"567","1","2024-06-02 23:59:59","567"
"568","4","2024-01-15 23:59:59","568"
"569","2","2023-11-10 19:56:14","569"
"570","1","2024-05-15 23:59:59","570"
"571","2","2023-09-22 07:07:57","571"
"572","3","2023-10-17 06:11:33","572"
"573","3","2023-10-18 06:35:59","573"
"574","2","2023-10-03 21:35:01","574"
"575","1","2024-02-20 23:59:59","575"
"576","0","2023-10-02 11:01:28","576"
"577","2","2023-10-13 22:33:24","577"
"578","2","2023-10-28 14:47:03","578"
"579","0","2023-09-25 06:54:32","579"
"580","0","2023-10-07 03:07:08","580"
"581","2","2023-10-15 03:14:35","581"
"582","0","2023-10-12 12:57:53","582"
"583","2","2023-09-16 01:17:51","583"
"584","0","2023-09-03 00:41:04","584"
"585","3","2023-10-25 10:41:34","585"
"586","0","2023-10-20 14:38:24","586"
"587","2","2023-10-10 19:18:38","587"
"588","27","2023-10-27 23:59:59","588"
"589","30","2024-02-13 23:59:59","589"
"590","31","2024-07-15 23:59:59","590"
"591","0","2023-10-18 18:02:22","591"
"592","0","2023-10-04 07:56:34","592"
"593","0","2023-10-04 08:01:53","593"
"594","3","2023-10-19 05:21:07","594"
"595","17","2024-04-24 23:59:59","595"
"596","3","2023-09-14 07:12:56","596"
"597","2","2023-10-23 04:04:38","597"
"598","0","2023-10-08 06:47:35","598"
"599","0","2023-10-05 07:39:03","599"
"600","2","2023-09-15 07:13:50","600"
"601","0","2023-10-22 02:03:17","601"
"602","2","2023-10-12 11:23:21","602"
"603","11","2023-09-19 23:59:59","603"
"604","1","2024-02-13 23:59:59","604"
"605","2","2023-09-24 14:16:35","605"
"606","7","2024-05-21 23:59:59","606"
"607","3","2023-10-17 06:50:31","607"
"608","27","2024-06-13 23:59:59","608"
"609","2","2023-09-26 23:05:02","609"
"610","32","2024-03-18 23:59:59","610"
"611","2","2023-09-30 20:28:24","611"
"612","0","2023-11-01 02:16:46","612"
"613","1","2024-02-22 23:59:59","613"
"614","2","2023-10-17 23:51:24","614"
"615","0","2023-10-08 03:13:55","615"
"616","0","2023-09-10 11:36:37","616"
"617","0","2023-10-04 06:04:10","617"
"618","2","2023-10-02 14:46:54","618"
"619","2","2023-10-17 12:10:09","619"
"620","0","2023-09-17 14:57:51","620"
"621","2","2023-09-01 11:14:33","621"
"622","2","2023-11-01 23:24:14","622"
"623","1","2024-07-10 23:59:59","623"
"624","12","2023-09-28 23:59:59","624"
"625","2","2023-10-06 21:23:58","625"
"626","2","2023-10-07 17:18:26","626"
"627","2","2023-09-28 19:29:28","627"
"628","3","2023-09-30 08:00:06","628"
"629","17","2024-01-23 23:59:59","629"
"630","2","2023-10-19 06:24:28","630"
"631","3","2023-10-02 10:23:26","631"
"632","23","2024-05-22 23:59:59","632"
"633","20","2023-08-16 20:55:30","633"
"634","0","2023-10-16 06:26:39","634"
"635","0","2023-09-29 02:11:55","635"
"636","0","2023-10-15 13:20:03","636"
"637","0","2023-09-03 08:02:49","637"
"638","0","2023-09-20 16:21:12","638"
"639","2","2023-09-24 00:34:46","639"
"640","0","2023-09-10 01:12:06","640"
"641","2","2023-10-18 06:18:42","641"
"642","0","2023-09-22 10:27:14","642"
"643","1","2024-05-03 23:59:59","643"
"644","2","2023-10-26 00:25:04","644"
"645","2","2023-09-03 23:08:10","645"
"646","1","2024-01-26 23:59:59","646"
"647","2","2023-09-01 06:40:55","647"
"648","1","2024-01-01 23:59:59","648"
"649","3","2023-09-25 06:53:41","649"
"650","1","2024-01-26 23:59:59","650"
"651","0","2023-10-13 05:12:08","651"
"652","22","2023-09-12 23:59:59","652"
"653","0","2023-10-28 10:55:34","653"
"654","3","2023-09-17 05:56:08","654"
"655","33","2024-08-30 20:51:49","655"
"656","2","2023-10-15 17:47:11","656"
"657","2","2023-08-31 04:37:07","657"
"658","0","2023-09-27 01:51:54","658"
"659","2","2023-09-05 03:04:25","659"
"660","0","2023-10-07 07:04:23","660"
"661","2","2023-09-12 23:18:54","661"
"662","0","2023-10-16 05:51:16","662"
"663","0","2023-09-10 05:19:33","663"
"664","1","2024-04-09 23:59:59","664"
"665","34","2024-08-05 23:59:59","665"
"666","2","2023-09-21 21:54:03","666"
"667","2","2023-09-15 01:28:40","667"
"668","2","2023-10-27 22:16:17","668"
"669","0","2023-10-22 07:18:39","669"
"670","0","2023-09-20 07:18:26","670"
"671","0","2023-09-10 09:25:59","671"
"672","2","2023-09-19 14:40:43","672"
"673","35","2023-10-26 23:59:59","673"
"674","0","2023-09-06 08:20:27","674"
"675","1","2024-04-07 23:59:59","675"
"676","2","2023-09-21 06:28:55","676"
"677","2","2023-10-18 02:57:18","677"
"678","0","2023-10-09 03:47:37","678"
"679","0","2023-10-08 04:45:42","679"
"680","0","2023-09-15 07:15:34","680"
"681","0","2023-10-11 10:29:49","681"
"682","2","2023-11-19 00:54:00","682"
"683","0","2023-09-23 08:57:23","683"
"684","2","2023-10-04 07:10:12","684"
"685","2","2023-09-28 00:22:14","685"
"686","0","2023-09-17 05:53:53","686"
"687","2","2023-09-17 21:53:23","687"
"688","2","2023-09-29 00:20:34","688"
"689","1","2024-06-25 23:59:59","689"
"690","0","2023-10-04 06:54:15","690"
"691","0","2023-09-28 08:39:31","691"
"692","2","2023-10-04 01:34:39","692"
"693","0","2023-11-21 00:55:39","693"
"694","3","2023-09-10 02:24:33","694"
"695","0","2023-09-06 19:38:29","695"
"696","2","2023-10-09 03:30:49","696"
"697","2","2023-10-14 15:08:22","697"
"698","0","2023-10-15 16:17:53","698"
"699","0","2023-10-04 12:05:10","699"
"700","2","2023-11-04 01:50:24","700"
"701","4","2023-10-04 23:59:59","701"
"702","2","2023-09-28 07:15:37","702"
"703","3","2023-09-29 14:08:01","703"
"704","2","2023-09-12 06:46:58","704"
"705","2","2023-09-26 01:05:37","705"
"706","2","2023-10-14 01:49:09","706"
"707","0","2023-10-01 05:30:54","707"
"708","8","2024-07-28 12:44:29","708"
"709","2","2023-10-13 16:06:07","709"
"710","2","2023-09-01 14:47:13","710"
"711","2","2023-10-03 02:07:05","711"
"712","2","2023-10-13 07:20:04","712"
"713","26","2023-10-29 23:59:59","713"
"714","2","2023-09-29 09:50:39","714"
"715","26","2023-09-18 23:59:59","715"
"716","0","2023-09-03 07:49:22","716"
"717","36","2024-06-03 23:59:59","717"
"718","2","2023-09-11 20:30:51","718"
"719","2","2023-10-11 16:31:31","719"
"720","12","2023-11-19 23:59:59","720"
"721","0","2023-09-15 12:03:52","721"
"722","2","2023-09-10 02:51:53","722"
"723","2","2023-09-13 12:48:08","723"
"724","3","2023-09-06 05:12:51","724"
"725","3","2023-09-27 22:19:59","725"
"726","0","2023-09-03 05:47:33","726"
"727","3","2023-09-06 01:47:30","727"
"728","2","2023-10-12 13:23:41","728"
"729","0","2023-11-05 11:06:08","729"
"730","4","2024-07-24 23:59:59","730"
"731","12","2023-10-17 23:59:59","731"
"732","2","2023-10-16 15:51:11","732"
"733","26","2023-09-18 23:59:59","733"
"734","2","2023-09-19 20:06:25","734"
"735","0","2023-10-08 09:51:22","735"
"736","2","2023-10-12 21:14:36","736"
"737","2","2023-09-02 05:34:31","737"
"738","37","2024-01-26 23:59:59","738"
"739","4","2023-09-07 23:59:59","739"
"740","1","2024-04-07 23:59:59","740"
"741","2","2023-10-03 15:21:18","741"
"742","1","2024-02-29 23:59:59","742"
"743","1","2024-06-29 23:59:59","743"
"744","0","2023-10-05 06:20:16","744"
"745","0","2023-10-23 06:55:23","745"
"746","0","2023-10-01 14:01:43","746"
"747","2","2023-09-02 08:06:11","747"
"748","2","2023-10-08 04:06:02","748"
"749","2","2023-09-05 09:02:40","749"
"750","0","2023-10-01 05:53:08","750"
"751","4","2024-07-06 23:59:59","751"
"752","2","2023-10-04 10:22:24","752"
"753","2","2023-09-16 03:07:00","753"
"754","2","2023-09-30 20:13:36","754"
"755","1","2024-01-07 23:59:59","755"
"756","38","2023-10-20 01:00:21","756"
"757","2","2023-10-19 10:09:08","757"
"758","2","2023-08-31 21:44:18","758"
"759","2","2023-09-08 22:04:30","759"
"760","0","2023-09-02 17:07:10","760"
"761","2","2023-11-11 13:10:31","761"
"762","2","2023-09-27 09:26:35","762"
"763","2","2023-08-31 01:04:13","763"
"764","2","2023-09-02 00:41:31","764"
"765","0","2023-09-14 09:05:47","765"
"766","35","2023-10-04 23:59:59","766"
"767","0","2023-10-27 07:49:03","767"
"768","0","2023-10-22 17:24:19","768"
"769","2","2023-10-03 09:02:34","769"
"770","0","2023-10-16 04:58:49","770"
"771","23","2024-03-08 23:59:59","771"
"772","3","2023-10-12 06:26:53","772"
"773","2","2023-10-05 01:53:16","773"
"774","0","2023-10-25 17:10:22","774"
"775","2","2023-11-12 19:26:20","775"
"776","2","2023-09-10 05:15:02","776"
"777","3","2023-10-24 13:20:41","777"
"778","2","2023-10-17 15:38:24","778"
"779","2","2023-10-01 00:50:48","779"
"780","12","2023-10-21 23:59:59","780"
"781","3","2023-09-19 04:53:44","781"
"782","2","2023-09-11 06:07:08","782"
"783","28","2024-07-27 09:24:42","783"
"784","2","2023-09-26 20:10:42","784"
"785","0","2023-10-02 04:14:02","785"
"786","1","2024-07-24 23:59:59","786"
"787","13","2024-06-17 23:21:47","787"
"788","39","2023-11-04 18:02:01","788"
"789","2","2023-10-07 20:12:00","789"
"790","4","2024-04-16 23:59:59","790"
"791","2","2023-09-16 04:07:50","791"
"792","0","2023-10-04 07:16:52","792"
"793","2","2023-10-19 03:58:59","793"
"794","2","2023-09-17 18:58:50","794"
"795","0","2023-09-04 08:34:34","795"
"796","2","2023-10-25 20:21:55","796"
"797","2","2023-10-09 11:42:40","797"
"798","3","2023-10-28 19:48:13","798"
"799","0","2023-09-09 10:17:40","799"
"800","2","2023-10-20 00:21:13","800"
"801","2","2023-10-17 14:34:19","801"
"802","0","2023-11-10 08:20:48","802"
"803","3","2023-10-15 13:44:22","803"
"804","0","2023-09-25 06:58:07","804"
"805","2","2023-10-05 21:19:50","805"
"806","3","2023-10-03 14:38:17","806"
"807","3","2023-10-22 08:26:29","807"
"808","2","2023-09-15 03:06:35","808"
"809","0","2023-09-04 03:25:31","809"
"810","2","2023-09-21 17:05:09","810"
"811","3","2023-10-24 03:01:26","811"
"812","27","2024-04-13 23:59:59","812"
"813","3","2023-10-11 11:08:07","813"
"814","0","2023-09-01 05:11:37","814"
"815","3","2023-10-11 10:52:16","815"
"816","0","2023-10-04 06:03:49","816"
"817","15","2024-02-22 23:59:59","817"
"818","2","2023-10-05 21:20:34","818"
"819","0","2023-09-29 09:04:32","819"
"820","0","2023-09-23 03:25:01","820"
"821","1","2024-02-10 23:59:59","821"
"822","0","2023-10-08 08:13:24","822"
"823","11","2023-10-11 23:59:59","823"
"824","3","2023-10-23 06:20:53","824"
"825","2","2023-09-14 07:22:32","825"
"826","2","2023-09-13 00:39:29","826"
"827","0","2023-09-26 03:45:12","827"
"828","0","2023-09-08 02:48:38","828"
"829","2","2023-10-21 20:42:06","829"
"830","2","2023-10-26 16:10:34","830"
"831","2","2023-09-30 12:32:24","831"
"832","20","2024-06-09 03:22:47","832"
"833","0","2023-10-04 03:52:25","833"
"834","0","2023-10-26 12:39:01","834"
"835","10","2024-06-13 23:59:59","835"
"836","0","2023-10-11 04:08:14","836"
"837","2","2023-09-05 23:20:59","837"
"838","2","2023-10-01 09:56:16","838"
"839","3","2023-09-08 12:33:25","839"
"840","0","2023-10-07 06:25:05","840"
"841","3","2023-09-27 15:57:50","841"
"842","16","2024-07-07 07:51:20","842"
"843","0","2023-11-16 01:20:59","843"
"844","1","2024-04-09 23:59:59","844"
"845","0","2023-10-26 06:03:28","845"
"846","4","2024-04-10 23:59:59","846"
"847","2","2023-10-11 11:29:16","847"
"848","2","2023-10-28 02:52:04","848"
"849","2","2023-09-04 08:34:42","849"
"850","3","2023-10-13 04:46:46","850"
"851","2","2023-09-16 14:08:50","851"
"852","0","2023-09-10 02:28:51","852"
"853","1","2024-03-30 23:59:59","853"
"854","2","2023-08-30 15:37:09","854"
"855","2","2023-10-13 07:03:47","855"
"856","2","2023-09-05 16:28:11","856"
"857","3","2023-10-13 05:50:19","857"
"858","2","2023-10-10 15:28:24","858"
"859","3","2023-09-18 03:46:07","859"
"860","2","2023-09-05 17:04:51","860"
"861","2","2023-10-10 10:27:30","861"
"862","16","2024-04-09 12:43:53","862"
"863","3","2023-10-02 10:06:18","863"
"864","3","2023-09-06 04:12:04","864"
"865","2","2023-10-15 02:37:36","865"
"866","2","2023-10-23 18:06:37","866"
"867","3","2023-10-13 07:30:21","867"
"868","2","2023-09-19 08:35:49","868"
"869","3","2023-10-06 06:44:07","869"
"870","1","2024-02-07 23:59:59","870"
"871","0","2023-10-11 05:25:19","871"
"872","0","2023-09-26 08:08:45","872"
"873","1","2023-10-10 23:59:59","873"
"874","0","2023-10-08 07:05:00","874"
"875","2","2023-10-13 19:12:14","875"
"876","2","2023-10-01 07:50:18","876"
"877","2","2023-09-08 09:13:28","877"
"878","5","2024-06-21 23:59:59","878"
"879","2","2023-10-17 09:53:53","879"
"880","4","2023-11-23 23:59:59","880"
"881","21","2024-04-20 23:59:59","881"
"882","17","2024-03-24 23:59:59","882"
"883","2","2023-09-17 02:17:02","883"
"884","2","2023-10-01 04:41:17","884"
"885","2","2023-09-09 04:40:50","885"
"886","22","2023-12-12 23:59:59","886"
"887","3","2023-11-11 13:58:08","887"
"888","0","2023-10-24 00:53:37","888"
"889","28","2024-04-07 09:58:39","889"
"890","2","2023-10-09 07:51:29","890"
"891","0","2023-10-19 02:55:14","891"
"892","2","2023-10-17 08:08:22","892"
"893","12","2023-08-24 23:59:59","893"
"894","2","2023-10-02 01:20:21","894"
"895","0","2023-10-07 06:08:08","895"
"896","17","2023-10-13 23:59:59","896"
"897","8","2024-07-17 13:03:25","897"
"898","0","2023-10-04 06:28:02","898"
"899","0","2023-10-26 02:03:13","899"
"900","3","2023-10-13 05:39:05","900"
"901","26","2023-10-05 23:59:59","901"
"902","2","2023-10-25 22:01:03","902"
"903","0","2023-10-08 06:19:59","903"
"904","4","2024-06-22 23:59:59","904"
"905","0","2023-09-17 06:02:50","905"
"906","1","2024-06-20 23:59:59","906"
"907","0","2023-11-25 09:18:05","907"
"908","2","2023-09-22 05:52:57","908"
"909","19","2024-07-19 23:59:59","909"
"910","2","2023-10-10 11:46:31","910"
"911","2","2023-10-20 01:27:23","911"
"912","2","2023-10-16 01:57:34","912"
"913","3","2023-10-14 08:11:05","913"
"914","0","2023-10-05 06:45:56","914"
"915","2","2023-09-29 00:23:15","915"
"916","2","2023-10-08 05:49:46","916"
"917","0","2023-10-24 00:55:38","917"
"918","2","2023-11-05 23:58:21","918"
"919","3","2023-10-08 05:10:46","919"
"920","0","2023-09-15 07:03:59","920"
"921","0","2023-11-14 06:34:26","921"
"922","3","2023-10-13 09:49:58","922"
"923","2","2023-09-19 14:32:16","923"
"924","2","2023-10-14 17:36:36","924"
"925","2","2023-10-27 18:36:20","925"
"926","40","2023-11-28 18:22:06","926"
"927","0","2023-09-23 05:36:08","927"
"928","2","2023-10-27 20:11:42","928"
"929","0","2023-10-12 00:08:41","929"
"930","3","2023-10-20 06:30:55","930"
"931","2","2023-09-21 05:56:41","931"
"932","0","2023-10-16 16:09:01","932"
"933","3","2023-11-15 06:22:13","933"
"934","3","2023-11-07 07:47:00","934"
"935","4","2023-10-19 23:59:59","935"
"936","0","2023-09-14 08:55:42","936"
"937","2","2023-10-05 05:40:29","937"
"938","0","2023-10-16 03:20:55","938"
"939","29","2023-09-08 23:59:59","939"
"940","10","2023-11-12 23:59:59","940"
"941","3","2023-09-17 05:31:49","941"
"942","1","2024-04-17 23:59:59","942"
"943","2","2023-10-27 11:17:52","943"
"944","3","2023-10-15 08:53:26","944"
"945","2","2023-09-11 11:21:07","945"
"946","1","2024-03-31 23:59:59","946"
"947","3","2023-09-16 08:35:33","947"
"948","0","2023-09-27 08:48:33","948"
"949","2","2023-10-28 09:22:37","949"
"950","17","2024-02-20 23:59:59","950"
"951","0","2023-09-10 06:09:17","951"
"952","2","2023-10-06 00:32:16","952"
"953","10","2024-09-17 23:59:59","953"
"954","2","2023-09-13 20:01:27","954"
"955","0","2023-10-04 06:04:58","955"
"956","2","2023-10-17 09:24:09","956"
"957","0","2023-09-15 18:49:13","957"
"958","2","2023-10-22 18:00:20","958"
"959","2","2023-09-05 19:38:11","959"
"960","4","2023-08-22 23:59:59","960"
"961","2","2023-10-02 04:45:55","961"
"962","0","2023-09-23 04:25:16","962"
"963","0","2023-09-27 07:42:25","963"
"964","2","2023-09-19 02:25:42","964"
"965","0","2023-11-13 07:09:41","965"
"966","2","2023-09-29 00:24:14","966"
"967","2","2023-09-02 15:23:35","967"
"968","2","2023-09-05 12:35:42","968"
"969","9","2024-05-12 23:59:59","969"
"970","0","2023-09-28 02:53:56","970"
"971","0","2023-10-14 11:32:50","971"
"972","3","2023-10-22 13:25:38","972"
"973","17","2024-02-28 23:59:59","973"
"974","2","2023-10-20 23:41:51","974"
"975","0","2023-09-25 19:37:51","975"
"976","0","2023-10-30 07:30:07","976"
"977","2","2023-08-06 22:18:06","977"
"978","2","2023-10-20 11:53:03","978"
"979","2","2023-10-14 02:29:00","979"
"980","2","2023-10-13 15:11:58","980"
"981","2","2023-08-05 15:32:45","981"
"982","1","2024-02-05 23:59:59","982"
"983","41","2023-12-19 13:31:56","983"
"984","0","2023-10-07 16:28:27","984"
"985","5","2023-12-24 23:59:59","985"
"986","2","2023-08-26 00:37:17","986"
"987","0","2023-10-12 13:11:00","987"
"988","2","2023-09-24 22:40:04","988"
"989","2","2023-10-04 20:40:38","989"
"990","0","2023-09-17 06:20:30","990"
"991","4","2024-03-22 23:59:59","991"
"992","1","2024-04-09 23:59:59","992"
"993","2","2023-10-16 05:36:41","993"
"994","3","2023-10-26 06:53:33","994"
"995","2","2023-10-20 23:10:08","995"
"996","2","2023-09-24 21:08:30","996"
"997","0","2023-10-22 10:20:00","997"
"998","17","2023-08-20 23:59:59","998"
"999","2","2023-10-06 03:48:15","999"
"1000","29","2023-09-20 23:59:59","1000"
"1001","0","2023-10-13 06:20:52","1001"
"1002","2","2023-09-08 02:26:40","1002"
"1003","1","2024-05-17 23:59:59","1003"
"1004","1","2024-02-21 23:59:59","1004"
"1005","17","2024-06-06 23:59:59","1005"
"1006","13","2024-06-29 11:22:50","1006"
"1007","3","2023-10-10 09:12:51","1007"
"1008","0","2023-10-04 08:25:44","1008"
"1009","4","2024-03-04 23:59:59","1009"
"1010","2","2023-09-05 11:16:48","1010"
"1011","0","2023-10-21 09:20:03","1011"
"1012","0","2023-10-18 09:44:57","1012"
"1013","0","2023-09-15 08:00:42","1013"
"1014","3","2023-10-18 08:21:32","1014"
"1015","4","2023-09-17 23:59:59","1015"
"1016","3","2023-09-22 06:08:07","1016"
"1017","1","2023-10-17 23:59:59","1017"
"1018","0","2023-10-22 06:52:31","1018"
"1019","1","2023-11-22 23:59:59","1019"
"1020","2","2023-10-14 08:18:32","1020"
"1021","0","2023-10-24 00:56:39","1021"
"1022","2","2023-11-26 09:11:03","1022"
"1023","2","2023-10-12 11:11:31","1023"
"1024","0","2023-10-12 06:41:16","1024"
"1025","2","2023-10-16 02:23:44","1025"
"1026","13","2024-07-20 06:21:20","1026"
"1027","2","2023-09-14 06:26:53","1027"
"1028","2","2023-10-19 06:25:55","1028"
"1029","2","2023-09-23 19:14:57","1029"
"1030","19","2023-11-02 23:59:59","1030"
"1031","42","2024-07-07 00:00:00","1031"
"1032","0","2023-10-13 04:40:11","1032"
"1033","3","2023-10-13 09:42:27","1033"
"1034","1","2024-04-16 23:59:59","1034"
"1035","3","2023-09-27 19:30:06","1035"
"1036","0","2023-10-05 06:03:28","1036"
"1037","0","2023-09-25 10:49:42","1037"
"1038","3","2023-10-17 05:30:04","1038"
"1039","2","2023-10-10 09:44:12","1039"
"1040","0","2023-10-20 02:06:03","1040"
"1041","1","2023-09-04 23:59:59","1041"
"1042","2","2023-09-04 19:38:46","1042"
"1043","0","2023-10-04 11:22:03","1043"
"1044","0","2023-10-27 07:33:58","1044"
"1045","3","2023-10-14 10:08:28","1045"
"1046","0","2023-09-17 07:18:50","1046"
"1047","0","2023-10-19 11:55:40","1047"
"1048","0","2023-10-10 08:41:13","1048"
"1049","2","2023-10-03 20:13:09","1049"
"1050","3","2023-10-11 07:52:05","1050"
"1051","2","2023-10-28 17:01:04","1051"
"1052","0","2023-10-19 09:56:38","1052"
"1053","4","2024-08-21 23:59:59","1053"
"1054","2","2023-10-15 01:04:59","1054"
"1055","27","2024-04-15 23:59:59","1055"
"1056","2","2023-11-21 09:30:41","1056"
"1057","21","2023-10-13 23:59:59","1057"
"1058","2","2023-09-10 03:42:27","1058"
"1059","21","2024-03-02 23:59:59","1059"
"1060","1","2024-04-09 23:59:59","1060"
"1061","2","2023-09-05 00:05:24","1061"
"1062","4","2023-12-28 23:59:59","1062"
"1063","1","2024-02-10 23:59:59","1063"
"1064","4","2024-08-03 23:59:59","1064"
"1065","4","2024-07-17 23:59:59","1065"
"1066","0","2023-10-15 08:46:49","1066"
"1067","1","2024-02-11 23:59:59","1067"
"1068","0","2023-10-09 02:09:19","1068"
"1069","13","2023-12-21 00:21:13","1069"
"1070","3","2023-10-18 06:53:22","1070"
"1071","1","2024-01-24 23:59:59","1071"
"1072","0","2023-10-25 10:43:23","1072"
"1073","0","2023-10-18 05:02:56","1073"
"1074","2","2023-10-19 10:47:42","1074"
"1075","2","2023-08-31 14:18:58","1075"
"1076","3","2023-11-13 01:52:45","1076"
"1077","0","2023-09-16 11:26:11","1077"
"1078","0","2023-10-20 18:20:14","1078"
"1079","0","2023-09-30 10:08:15","1079"
"1080","0","2023-09-04 01:52:13","1080"
"1081","3","2023-10-01 07:20:03","1081"
"1082","17","2023-12-06 23:59:59","1082"
"1083","2","2023-10-05 00:27:14","1083"
"1084","2","2023-10-04 02:02:28","1084"
"1085","2","2023-09-02 17:07:07","1085"
"1086","2","2023-10-25 07:35:29","1086"
"1087","2","2023-10-02 23:23:40","1087"
"1088","0","2023-10-17 01:03:26","1088"
"1089","2","2023-09-29 00:14:50","1089"
"1090","4","2024-04-23 23:59:59","1090"
"1091","2","2023-10-21 09:51:16","1091"
"1092","3","2023-10-12 06:45:15","1092"
"1093","0","2023-09-14 07:38:12","1093"
"1094","3","2023-10-17 06:13:59","1094"
"1095","1","2024-06-09 23:59:59","1095"
"1096","2","2023-10-27 21:20:06","1096"
"1097","0","2023-10-27 08:26:55","1097"
"1098","1","2024-06-26 23:59:59","1098"
"1099","39","2023-09-18 08:05:33","1099"
"1100","2","2023-10-01 04:05:26","1100"
"1101","2","2023-09-18 00:37:22","1101"
"1102","21","2023-08-19 23:59:59","1102"
"1103","29","2023-11-21 23:59:59","1103"
"1104","10","2024-02-21 23:59:59","1104"
"1105","0","2023-09-21 06:49:28","1105"
"1106","0","2023-10-18 04:04:36","1106"
"1107","2","2023-09-17 02:43:51","1107"
"1108","16","2024-04-24 15:09:09","1108"
"1109","2","2023-09-15 18:38:56","1109"
"1110","2","2023-08-18 15:12:25","1110"
"1111","0","2023-10-19 11:44:30","1111"
"1112","1","2024-01-26 23:59:59","1112"
"1113","0","2023-10-24 05:53:56","1113"
"1114","2","2023-10-19 06:34:05","1114"
"1115","2","2023-08-31 20:21:14","1115"
"1116","2","2023-10-01 01:49:48","1116"
"1117","2","2023-10-12 03:10:37","1117"
"1118","2","2023-09-01 02:54:07","1118"
"1119","10","2024-01-25 23:59:59","1119"
"1120","3","2023-09-28 02:50:05","1120"
"1121","21","2024-06-20 23:59:59","1121"
"1122","2","2023-10-12 08:09:11","1122"
"1123","15","2024-06-04 23:59:59","1123"
"1124","4","2023-09-16 23:59:59","1124"
"1125","2","2023-09-14 21:58:50","1125"
"1126","1","2023-09-21 23:59:59","1126"
"1127","24","2023-12-07 23:04:32","1127"
"1128","2","2023-09-01 02:59:32","1128"
"1129","3","2023-10-25 04:12:15","1129"
"1130","2","2023-10-13 02:28:24","1130"
"1131","0","2023-10-02 07:12:37","1131"
"1132","3","2023-11-17 09:35:46","1132"
"1133","3","2023-10-05 03:27:09","1133"
"1134","2","2023-10-21 10:12:10","1134"
"1135","35","2023-10-23 23:59:59","1135"
"1136","2","2023-10-06 21:32:22","1136"
"1137","0","2023-09-03 04:22:33","1137"
"1138","0","2023-10-29 11:30:40","1138"
"1139","1","2024-03-16 23:59:59","1139"
